"","logFC","AveExpr","t","P.Value","adj.P.Val","B"
"Rpl27a",-1.05383785639346,0.286359697402663,-5.35873642069231,1.70292316189625e-07,0.00228464171400001,6.18215599144137
"Slit2",-0.489586566119114,0.0904397727320983,-4.94278491288258,1.30014790714383e-06,0.00850307190629946,4.50457375636845
"Usp16",-0.978876782335673,0.301566932395245,-4.86197690511707,1.90140248351956e-06,0.00850307190629946,4.19152450527633
"Slc25a4",-1.27412085384286,0.599392563053612,-4.57846772044582,6.93969669734917e-06,0.0221793338461681,3.12731968496396
"Vdac2",-0.835775677205635,0.250197362582991,-4.53910840522817,8.2660009861986e-06,0.0221793338461681,2.98383694108689
