"","X","logFC","logCPM","F","PValue","FDR"
"2","AC149090.1",-1.87665536171515,10.9746216448983,80.2859293213011,2.89524550752489e-18,2.31851260242593e-14
