"","logFC","AveExpr","t","P.Value","adj.P.Val","B"
"Col12a1",0.78158459657696,0.319176512685406,6.71042516861201,3.78535001564795e-11,5.93618589453912e-07,13.8708694407279
"Hbb-bs",0.528123690352215,0.247088743826648,4.87898710453921,1.29867970051418e-06,0.0101829475317317,4.78388815748641
"AC149090.1",0.967916523476768,1.60359503433296,4.76060104671802,2.30977175442692e-06,0.0107931609082554,4.28765862602332
"Pdzrn4",0.330061536133851,0.121590942161014,4.72399663082992,2.75300622580166e-06,0.0107931609082554,4.13653561450766
"Galk2",0.266178450738943,0.0938650092176023,4.40243816554657,1.22320451228165e-05,0.0339668895849036,2.85614079834987
"Mirt1",0.254647428684239,0.0870813532019021,4.38894726456915,1.29958766426107e-05,0.0339668895849036,2.80428272763285
"Spon1",0.4436127655971,0.285082862754145,4.30282952105844,1.90581121480687e-05,0.0426956163865733,2.47680225944966
