"","logFC","AveExpr","t","P.Value","adj.P.Val","B"
"Mid1",-0.607981843243112,0.261178942847507,-5.10428678176789,4.55731250147584e-07,0.00698636006476246,5.46127278925323
"Gas7",0.556659823886013,0.237648921232474,4.93030384876343,1.08365744384913e-06,0.00830623430710358,4.73628682557341
"mt-Atp8",0.376860891192405,0.102869877451633,4.79849000813815,2.0536162781463e-06,0.0104939791813276,4.20219043646961
"Rab26",0.428253218641604,0.190950495746511,4.60331937403851,5.1502587567522e-06,0.0197383666852528,3.43563611554281
