"","logFC","AveExpr","t","P.Value","adj.P.Val","B"
"Fam174a",-1.46367323523906,0.198030706528292,-4.69349765341752,1.1639870996019e-05,0.0433484049951879,2.34980421622488
"1500011B03Rik",-1.60214865678545,0.30847648987281,-4.69327565085271,1.16496654112303e-05,0.0433484049951879,2.34917107459137
