"","logFC","AveExpr","t","P.Value","adj.P.Val","B"
"Zfpm2",-1.77003063034335,0.363474168982172,-4.96993551164591,1.6658159158964e-06,0.0124303183644189,4.25704543491304
"Zdhhc6",-1.05056823837033,0.136427544811617,-4.60268216144124,8.2909952964698e-06,0.0309337034511288,2.9516323913912
"Fn1",-0.680484730106867,0.0531565358962094,-4.46422601656983,1.484966120406e-05,0.0369360573015653,2.47854307026328
"Cadps2",-0.94962119611491,0.131138629157729,-4.37363195336047,2.15964140241841e-05,0.0402881103621155,2.17486576771136
"Cers2",1.18906129483677,0.203028912682509,4.26774816395724,3.32273408928309e-05,0.0456297023500902,1.8259494241559
"Srsf6",1.50835787366188,0.359551054771806,4.24312280340251,3.66896561378372e-05,0.0456297023500902,1.74574370892824
