"","logFC","AveExpr","t","P.Value","adj.P.Val","B"
"Cog2",1.21173376865357,0.230184004195349,5.22978679759178,1.27364699558144e-06,0.00947083905914362,3.29611361520855
