"","logFC","AveExpr","t","P.Value","adj.P.Val","B"
"Auts2",-2.05781989439388,0.408370627387236,-4.83063601107473,2.06515009089924e-06,0.015515472632926,3.61649999074507
