"","logFC","AveExpr","t","P.Value","adj.P.Val","B"
"Ttr",-1.23808269432552,1.05900205040731,-4.79617755758436,2.19406579331761e-06,0.0302671376188165,3.75935844728645
