,logFC,logCPM,F,PValue,FDR
Epha5,-1.348178204,10.62916016,24.01077635,1.17E-06,0.000981384
AC149090.1,-2.435826049,10.89174123,92.654654,8.78E-21,4.67E-17
