"","p_val","avg_log2FC","pct.1","pct.2","p_val_adj"
"Npy",1.57804602644875e-06,-0.489621425096998,1,1,0.0272733694751137
