"","logFC","AveExpr","t","P.Value","adj.P.Val","B"
"Ptgds",0.283588329083963,0.114174193735391,5.98488048398071,2.71607260545565e-09,2.04167177752101e-05,10.0647289816929
"Sox4",-0.549758904249562,0.760688892845542,-5.17141360217863,2.64325367864704e-07,0.00099346689511949,6.10823522691609
"Igfbpl1",-0.605646765250926,1.31736344882335,-4.55523521016829,5.66514723773379e-06,0.0141949705953483,3.48072811316589
"Gm42047",-0.278677391202407,0.165711638317495,-4.4737751340875,8.27641708292327e-06,0.0155534568030835,3.15747350819604
