"","logFC","AveExpr","t","P.Value","adj.P.Val","B"
"2010107E04Rik",-0.732123924494419,0.750152259518709,-4.683317772026,3.27914459614122e-06,0.0245509555913093,4.03318187520402
