"","X","logFC","logCPM","F","PValue","FDR"
"11","AC149090.1",1.26292244104143,11.4391931163489,22.6154781851017,2.33022167943947e-06,0.00332204876154271
