"","logFC","AveExpr","t","P.Value","adj.P.Val","B"
"Egfr",1.22120815330574,0.704246194283468,4.89794966288582,1.51984133404709e-06,0.0218583580662653,4.02007980599386
