"","logFC","AveExpr","t","P.Value","adj.P.Val","B"
"Gm47283",-0.415711213792949,0.151883596094032,-5.45646258559786,6.67026150652529e-08,0.00100287381750608,7.4257951107294
"mt-Atp8",0.28875866443539,0.100787361383942,4.64797415687228,3.98177590512272e-06,0.02993300036676,3.8617636377082
