"","logFC","AveExpr","t","P.Value","adj.P.Val","B"
"Matk",-1.33229479507667,1.0322200641992,-4.78265083254468,3.01522704756841e-06,0.0251205356797695,3.21086098631635
"H3f3b",-1.3287046032157,1.03462359737546,-4.74863145215213,3.51778962046905e-06,0.0251205356797695,3.09556238619061
