"","p_val","avg_log2FC","pct.1","pct.2","p_val_adj"
"Apoe",2.62313322708266e-06,-0.552489929761517,1,1,0.0453356115636695
