"","p_val","avg_log2FC","pct.1","pct.2","p_val_adj"
"Vip",5.86988471275241e-08,-0.54195277785948,1,1,0.001014492174905
